{"licenses":[{"name":"","id":0,"url":""}],"info":{"contributor":"","date_created":"","description":"","url":"","version":"","year":""},"categories":[{"id":1,"name":"Person","supercategory":""},{"id":2,"name":"Food","supercategory":""},{"id":3,"name":"Vehicle","supercategory":""},{"id":4,"name":"Animal","supercategory":""},{"id":5,"name":"Electronic Device","supercategory":""}],"images":[{"id":1,"width":375,"height":500,"file_name":"000000001353.jpg","license":0,"flickr_url":"","coco_url":"","date_captured":0},{"id":2,"width":640,"height":480,"file_name":"000000001532.jpg","license":0,"flickr_url":"","coco_url":"","date_captured":0},{"id":3,"width":612,"height":612,"file_name":"000000001584.jpg","license":0,"flickr_url":"","coco_url":"","date_captured":0},{"id":4,"width":640,"height":480,"file_name":"000000002006.jpg","license":0,"flickr_url":"","coco_url":"","date_captured":0},{"id":5,"width":640,"height":427,"file_name":"000000007816.jpg","license":0,"flickr_url":"","coco_url":"","date_captured":0},{"id":6,"width":640,"height":480,"file_name":"000000009769.jpg","license":0,"flickr_url":"","coco_url":"","date_captured":0},{"id":7,"width":640,"height":480,"file_name":"000000009891.jpg","license":0,"flickr_url":"","coco_url":"","date_captured":0},{"id":8,"width":500,"height":375,"file_name":"000000011149.jpg","license":0,"flickr_url":"","coco_url":"","date_captured":0},{"id":9,"width":480,"height":640,"file_name":"000000012748.jpg","license":0,"flickr_url":"","coco_url":"","date_captured":0},{"id":10,"width":640,"height":427,"file_name":"000000013177.jpg","license":0,"flickr_url":"","coco_url":"","date_captured":0},{"id":11,"width":500,"height":335,"file_name":"000000013291.jpg","license":0,"flickr_url":"","coco_url":"","date_captured":0},{"id":12,"width":640,"height":480,"file_name":"000000014226.jpg","license":0,"flickr_url":"","coco_url":"","date_captured":0},{"id":13,"width":640,"height":428,"file_name":"000000023126.jpg","license":0,"flickr_url":"","coco_url":"","date_captured":0},{"id":14,"width":640,"height":426,"file_name":"000000029640.jpg","license":0,"flickr_url":"","coco_url":"","date_captured":0},{"id":15,"width":478,"height":640,"file_name":"000000029675.jpg","license":0,"flickr_url":"","coco_url":"","date_captured":0},{"id":16,"width":640,"height":480,"file_name":"000000030785.jpg","license":0,"flickr_url":"","coco_url":"","date_captured":0},{"id":17,"width":640,"height":640,"file_name":"000000039670.jpg","license":0,"flickr_url":"","coco_url":"","date_captured":0},{"id":18,"width":640,"height":427,"file_name":"000000043581.jpg","license":0,"flickr_url":"","coco_url":"","date_captured":0},{"id":19,"width":640,"height":427,"file_name":"000000051610.jpg","license":0,"flickr_url":"","coco_url":"","date_captured":0},{"id":20,"width":480,"height":640,"file_name":"000000053909.jpg","license":0,"flickr_url":"","coco_url":"","date_captured":0},{"id":21,"width":640,"height":426,"file_name":"000000055150.jpg","license":0,"flickr_url":"","coco_url":"","date_captured":0},{"id":22,"width":640,"height":480,"file_name":"000000056344.jpg","license":0,"flickr_url":"","coco_url":"","date_captured":0},{"id":23,"width":640,"height":426,"file_name":"000000057027.jpg","license":0,"flickr_url":"","coco_url":"","date_captured":0},{"id":24,"width":500,"height":490,"file_name":"000000058111.jpg","license":0,"flickr_url":"","coco_url":"","date_captured":0},{"id":25,"width":640,"height":480,"file_name":"000000058350.jpg","license":0,"flickr_url":"","coco_url":"","date_captured":0},{"id":26,"width":360,"height":640,"file_name":"000000060899.jpg","license":0,"flickr_url":"","coco_url":"","date_captured":0},{"id":27,"width":640,"height":371,"file_name":"000000061960.jpg","license":0,"flickr_url":"","coco_url":"","date_captured":0},{"id":28,"width":640,"height":428,"file_name":"000000062355.jpg","license":0,"flickr_url":"","coco_url":"","date_captured":0},{"id":29,"width":640,"height":586,"file_name":"000000063552.jpg","license":0,"flickr_url":"","coco_url":"","date_captured":0},{"id":30,"width":640,"height":480,"file_name":"000000063740.jpg","license":0,"flickr_url":"","coco_url":"","date_captured":0},{"id":31,"width":640,"height":436,"file_name":"000000064084.jpg","license":0,"flickr_url":"","coco_url":"","date_captured":0},{"id":32,"width":640,"height":444,"file_name":"000000064523.jpg","license":0,"flickr_url":"","coco_url":"","date_captured":0},{"id":33,"width":500,"height":375,"file_name":"000000064868.jpg","license":0,"flickr_url":"","coco_url":"","date_captured":0},{"id":34,"width":640,"height":427,"file_name":"000000066561.jpg","license":0,"flickr_url":"","coco_url":"","date_captured":0},{"id":35,"width":640,"height":480,"file_name":"000000066635.jpg","license":0,"flickr_url":"","coco_url":"","date_captured":0},{"id":36,"width":640,"height":480,"file_name":"000000068093.jpg","license":0,"flickr_url":"","coco_url":"","date_captured":0},{"id":37,"width":640,"height":426,"file_name":"000000071226.jpg","license":0,"flickr_url":"","coco_url":"","date_captured":0},{"id":38,"width":640,"height":480,"file_name":"000000078823.jpg","license":0,"flickr_url":"","coco_url":"","date_captured":0},{"id":39,"width":361,"height":640,"file_name":"000000084431.jpg","license":0,"flickr_url":"","coco_url":"","date_captured":0},{"id":40,"width":480,"height":640,"file_name":"000000107226.jpg","license":0,"flickr_url":"","coco_url":"","date_captured":0},{"id":41,"width":640,"height":478,"file_name":"000000109900.jpg","license":0,"flickr_url":"","coco_url":"","date_captured":0},{"id":42,"width":640,"height":480,"file_name":"000000116206.jpg","license":0,"flickr_url":"","coco_url":"","date_captured":0},{"id":43,"width":480,"height":640,"file_name":"000000119365.jpg","license":0,"flickr_url":"","coco_url":"","date_captured":0},{"id":44,"width":640,"height":426,"file_name":"000000121744.jpg","license":0,"flickr_url":"","coco_url":"","date_captured":0},{"id":45,"width":640,"height":425,"file_name":"000000125806.jpg","license":0,"flickr_url":"","coco_url":"","date_captured":0},{"id":46,"width":375,"height":500,"file_name":"000000153217.jpg","license":0,"flickr_url":"","coco_url":"","date_captured":0},{"id":47,"width":612,"height":612,"file_name":"000000157601.jpg","license":0,"flickr_url":"","coco_url":"","date_captured":0},{"id":48,"width":536,"height":640,"file_name":"000000162415.jpg","license":0,"flickr_url":"","coco_url":"","date_captured":0},{"id":49,"width":612,"height":612,"file_name":"000000165518.jpg","license":0,"flickr_url":"","coco_url":"","date_captured":0},{"id":50,"width":640,"height":480,"file_name":"000000170893.jpg","license":0,"flickr_url":"","coco_url":"","date_captured":0}],"annotations":[{"id":1,"image_id":1,"category_id":1,"segmentation":{"counts":[31315,5,492,11,486,16,483,19,479,22,477,24,475,25,473,28,470,31,468,33,465,35,463,37,461,40,458,42,454,46,453,47,451,50,104,1,343,52,447,52,447,54,444,57,4,10,428,73,426,75,425,77,422,78,422,78,421,79,421,80,419,81,419,81,419,81,418,82,417,84,416,84,415,85,414,86,413,87,411,89,411,89,410,90,410,91,408,92,408,92,407,93,407,93,407,93,90,1,315,94,406,94,406,94,82,1,321,96,403,98,401,98,397,104,389,111,382,118,380,120,379,121,376,124,81,1,7,1,284,126,371,129,367,133,81,1,283,135,363,137,362,138,362,138,361,139,361,139,359,142,358,142,88,1,268,143,88,1,268,143,356,144,356,144,355,145,355,145,352,148,349,151,346,154,341,159,338,162,336,164,88,1,245,166,88,1,244,167,331,169,88,1,241,170,328,172,327,173,325,175,324,176,322,178,321,179,320,179,320,180,89,1,229,180,320,153,3,23,320,154,7,14,325,153,346,154,346,154,345,155,323,12,9,156,319,20,1,1,3,156,16,2,2,1,3,1,292,183,8,23,284,186,2,2,2,24,283,188,5,25,281,219,280,220,279,190,3,28,278,191,1,30,278,191,2,29,277,193,2,28,277,192,1,30,277,137,2,53,3,28,277,192,3,28,277,192,1,30,276,194,2,28,276,194,2,28,276,224,276,154,2,38,2,28,276,194,1,29,276,193,1,31,275,224,276,225,275,225,276,193,2,29,276,224,277,223,277,193,1,29,277,223,277,223,278,191,2,29,279,221,280,220,280,190,2,28,281,190,2,27,282,189,1,28,283,18,10,159,1,29,284,17,3,4,3,189,286,14,2,198,287,5,1,6,3,198,50,1,240,6,11,192,292,3,13,1,1,68,3,119,292,1,14,2,1,65,6,119,311,62,8,119,311,62,8,119,310,64,6,120,310,63,7,120,308,1,1,64,5,121,307,2,2,189,312,188,311,189,310,162,1,27,309,162,2,27,307,193,307,2,1,190,305,1,5,189,310,190,310,162,1,27,311,161,1,27,313,187,313,187,309,1,2,188,304,196,304,196,303,197,303,166,2,28,302,169,1,28,301,199,301,170,1,28,86,1,212,201,298,202,298,202,297,203,297,202,297,175,1,27,79,2,216,202,80,1,216,203,298,174,2,25,299,201,299,201,298,201,299,201,299,202,298,180,1,21,299,201,299,203,297,211,289,220,280,222,278,222,278,223,277,223,277,222,278,116,3,102,280,114,10,92,284,111,17,84,288,52,1,40,2,2,6,2,39,65,291,96,6,1,53,1,10,39,295,88,4,3,5,1,7,1,65,28,299,81,16,1,5,5,76,11,305,80,23,7,391,34,1,43,24,2,1,3,393,31,6,19,1,17,1,1,425,30,5,38,428,69,435,53,3,1,3,1,442,47,459,41,465,34,466,33,468,31,470,30,470,29,472,26,475,24,477,21,482,16,489,8,47797],"size":[500,375]},"area":31733.0,"bbox":[62.0,136.0,218.0,311.0],"iscrowd":1,"attributes":{"occluded":false}},{"id":2,"image_id":2,"category_id":3,"segmentation":[[114.25,472.65,114.25,432.24,91.52,413.29,80.15,386.78,52.37,379.2,23.33,369.1,0.0,380.76,0.0,478.86]],"area":9931.0,"bbox":[0.0,369.1,114.25,109.76],"iscrowd":0,"attributes":{"occluded":false}},{"id":3,"image_id":2,"category_id":3,"segmentation":[[200.12,423.4,206.44,401.93,243.06,389.3,273.37,362.78,341.56,361.52,397.13,361.52,414.81,389.3,485.53,400.67,539.83,393.09,546.15,436.03,489.32,439.81,419.86,447.39,419.86,477.7,225.38,477.7]],"area":27995.0,"bbox":[200.12,361.52,346.03,116.18],"iscrowd":0,"attributes":{"occluded":false}},{"id":4,"image_id":2,"category_id":3,"segmentation":[[119.3,436.03,179.92,436.03,183.71,404.45,174.87,385.51,162.24,367.83,123.09,372.88,106.67,384.25,106.67,415.82]],"area":4434.0,"bbox":[106.67,367.83,77.04,68.2],"iscrowd":0,"attributes":{"occluded":false}},{"id":5,"image_id":3,"category_id":3,"segmentation":[],"area":169928.48,"bbox":[127.4,89.03,388.0,437.96],"iscrowd":0,"attributes":{"occluded":false,"rotation":0.0}},{"id":6,"image_id":3,"category_id":3,"segmentation":[],"area":8565.248300000003,"bbox":[517.01,306.4,94.99,90.17],"iscrowd":0,"attributes":{"occluded":false,"rotation":0.0}},{"id":7,"image_id":4,"category_id":3,"segmentation":[],"area":179369.95739999998,"bbox":[51.11,82.4,537.97,333.42],"iscrowd":0,"attributes":{"occluded":false,"rotation":0.0}},{"id":8,"image_id":4,"category_id":1,"segmentation":[[7.15,346.33,21.4,339.75,29.07,311.26,19.21,297.01,27.97,276.19,23.59,256.47,38.93,253.18,47.7,271.81,52.08,301.4,47.7,332.08,17.01,363.86]],"area":2369.0,"bbox":[7.15,253.18,44.93,110.68],"iscrowd":0,"attributes":{"occluded":false}},{"id":9,"image_id":5,"category_id":1,"segmentation":[[445.25,263.72,377.98,217.9,372.13,195.48,336.06,193.53,306.81,191.58,319.49,175.98,320.46,155.51,285.36,154.54,281.47,138.94,267.82,107.74,288.29,76.54,317.54,81.42,326.31,111.64,351.66,118.46,374.08,145.76,402.35,177.93,413.07,214.0,442.32,243.25,454.02,257.87]],"area":10361.0,"bbox":[267.82,76.54,186.2,187.18],"iscrowd":0,"attributes":{"occluded":false}},{"id":10,"image_id":5,"category_id":1,"segmentation":[[475.47,169.16,420.87,172.08,387.73,161.36,354.58,118.46,317.54,79.47,286.34,76.54,269.77,97.02,279.52,137.96,262.94,143.81,262.94,78.49,244.42,62.9,266.84,48.27,269.77,37.55,287.31,39.5,287.31,53.15,294.14,68.75,294.14,74.59,315.59,78.49,327.28,109.69,358.48,117.49,379.93,111.64,393.58,156.48,418.92,156.48,429.65,129.19,444.27,128.21,459.87,158.43,475.47,152.59,485.22,85.32,501.79,59.97,517.39,59.0,532.01,53.15,541.76,77.52,541.76,105.79,573.93,57.05,604.15,46.32,616.83,84.34,593.43,179.88]],"area":19117.0,"bbox":[244.42,37.55,372.41,142.33],"iscrowd":0,"attributes":{"occluded":false}},{"id":11,"image_id":5,"category_id":3,"segmentation":[[314.61,177.93,319.49,157.46,271.72,159.41,251.24,175.98,239.55,209.13,252.22,237.4,268.79,251.05,249.29,273.47,250.27,312.47,275.62,351.46,295.11,363.16,331.18,357.31,338.98,313.44,359.46,328.06,404.3,312.47,432.57,332.94,472.54,324.17,455.97,262.75,444.27,268.6,376.03,219.85,372.13,193.53,303.89,197.43,311.69,179.88]],"area":26998.0,"bbox":[239.55,157.46,232.99,205.7],"iscrowd":0,"attributes":{"occluded":false}},{"id":12,"image_id":6,"category_id":3,"segmentation":[[317.29,367.15,294.27,340.85,185.78,349.62,181.4,367.15,151.81,366.05,147.42,356.19,92.63,354.0,100.3,316.74,87.15,281.67,151.8,270.7,133.2,237.8,183.59,240.03,242.77,189.62,378.66,189.62,398.38,198.38,412.63,233.45,470.71,236.74,466.33,290.44,453.18,310.16,445.51,351.81,415.92,354.0,404.96,320.03,361.12,328.79,347.97,371.53,321.67,371.53]],"area":48170.0,"bbox":[87.15,189.62,383.56,181.91],"iscrowd":0,"attributes":{"occluded":false}},{"id":13,"image_id":6,"category_id":1,"segmentation":[[144.14,268.52,155.1,246.6,177.01,241.12,192.36,231.26,179.21,202.77,155.1,213.73,126.6,241.12]],"area":1912.0,"bbox":[126.6,202.77,65.76,65.75],"iscrowd":0,"attributes":{"occluded":false}},{"id":14,"image_id":7,"category_id":3,"segmentation":[[242.77,154.55,235.1,198.38,192.36,164.41,218.66,129.34]],"area":1825.0,"bbox":[192.36,129.34,50.41,69.04],"iscrowd":0,"attributes":{"occluded":false}},{"id":15,"image_id":7,"category_id":3,"segmentation":[[634.0,302.49,524.41,300.3,491.53,299.21,434.55,246.6,417.01,270.71,345.78,248.79,339.21,200.58,319.48,154.55,284.4,122.8,289.89,103.04,337.01,112.9,364.41,150.16,415.92,99.75,469.62,88.79,518.93,93.18,595.64,95.37,640.0,101.71,640.0,145.63]],"area":55755.0,"bbox":[284.4,88.79,355.6,213.7],"iscrowd":0,"attributes":{"occluded":false}},{"id":16,"image_id":7,"category_id":1,"segmentation":[[290.99,397.83,284.41,415.37,331.53,405.51,345.78,226.88,318.38,147.97,280.03,129.34,255.9,88.8,224.14,117.29,244.96,154.55,232.9,202.77,206.6,252.08,230.71,248.79,258.11,200.58,272.36,237.84,272.36,279.48,263.59,297.01,264.68,313.45,292.08,294.82,310.71,373.73,288.79,402.22]],"area":19583.0,"bbox":[206.6,88.8,139.18,326.57],"iscrowd":0,"attributes":{"occluded":false}},{"id":17,"image_id":7,"category_id":1,"segmentation":[[163.86,297.01,164.96,214.82,193.45,281.67,203.31,258.66,182.49,183.04,145.23,122.77,116.74,112.9,95.92,103.04,82.77,110.71,92.63,128.25,104.68,134.82,97.01,145.78,91.53,176.47,75.1,185.23,97.01,188.52,113.45,179.75,106.88,199.48,100.3,208.25,131.0,208.2,133.18,195.1]],"area":9459.0,"bbox":[75.1,103.04,128.21,193.97],"iscrowd":0,"attributes":{"occluded":false}},{"id":18,"image_id":8,"category_id":3,"segmentation":[[0.45,270.14,20.14,280.41,42.4,265.0,55.24,262.43,65.51,318.08,89.49,352.33,129.73,351.47,140.86,304.38,132.29,256.44,109.18,216.2,88.63,163.97,116.03,209.35,153.7,232.5,204.2,201.6,214.5,224.8,266.71,215.34,263.29,206.78,290.68,215.34,299.25,193.08,344.62,162.26,333.5,175.1,324.08,206.78,331.78,235.03,352.33,270.14,378.87,278.7,417.4,258.15,423.39,210.21,407.98,187.95,380.58,161.4,407.12,156.27,405.41,114.31,378.87,105.75,362.6,98.9,324.93,104.04,289.83,100.62,254.73,96.34,252.16,118.6,215.34,112.6,209.35,131.44,193.94,148.56,169.11,129.73,151.13,124.59,141.71,116.03,139.14,71.51,112.6,57.81,96.34,61.23,90.34,93.77,80.07,105.75,44.11,95.48,28.7,118.6,0.0,117.8,0.0,243.72]],"area":60552.0,"bbox":[0.0,57.81,423.39,294.52],"iscrowd":0,"attributes":{"occluded":false}},{"id":19,"image_id":8,"category_id":1,"segmentation":[[1.3,116.03,33.84,112.6,47.53,92.91,76.64,102.33,42.4,68.08,26.13,55.24,35.55,23.56,33.84,5.58,0.0,4.78,0.0,73.73]],"area":4357.0,"bbox":[0.0,4.78,76.64,111.25],"iscrowd":0,"attributes":{"occluded":false}},{"id":20,"image_id":8,"category_id":1,"segmentation":[[497.88,244.45,479.04,279.55,481.61,320.65,462.77,322.36,467.05,285.55,449.08,293.25,419.97,303.53,404.55,294.97,439.66,268.42,443.08,220.48,437.95,138.29,449.08,109.18,443.94,86.92,453.36,78.36,447.36,40.68,459.35,21.85,464.49,8.15,500.0,5.13,500.0,170.14]],"area":16069.0,"bbox":[404.55,5.13,95.45,317.23],"iscrowd":0,"attributes":{"occluded":false}},{"id":21,"image_id":9,"category_id":4,"segmentation":[[2.55,417.96,46.38,428.19,116.52,488.1,142.82,521.71,173.51,574.31,230.49,561.16,243.64,542.16,265.56,527.55,224.65,508.56,237.8,439.88,212.96,388.74,166.2,254.31,125.29,160.79,147.21,102.35,119.44,115.5,96.06,141.8,84.37,134.49,88.76,51.21,71.22,46.82,33.23,125.73,0.0,130.84,0.0,318.09]],"area":71512.0,"bbox":[0.0,46.82,265.56,527.49],"iscrowd":0,"attributes":{"occluded":false}},{"id":22,"image_id":9,"category_id":1,"segmentation":[[253.87,628.37,262.64,534.86,236.34,514.4,239.26,441.34,226.11,410.66,229.03,346.37,253.87,299.61,281.63,296.68,256.79,271.84,227.57,217.78,221.73,168.1,272.87,135.95,316.7,150.57,335.7,184.17,344.47,201.71,394.15,182.71,433.6,200.25,446.75,238.24,440.9,268.92,473.05,301.07,480.0,316.13,480.0,518.13,478.89,638.6]],"area":105300.0,"bbox":[221.73,135.95,258.27,502.65],"iscrowd":0,"attributes":{"occluded":false}},{"id":23,"image_id":10,"category_id":3,"segmentation":[[358.48,146.74,328.26,195.48,274.64,196.46,266.84,137.96,279.52,82.39,310.71,25.85,344.83,12.2,400.4,8.3,553.46,8.3,540.78,140.89,496.92,124.31,461.82,94.09,434.52,62.9,405.28,49.25,372.13,59.97,348.73,109.69,357.51,146.74]],"area":28342.0,"bbox":[266.84,8.3,286.62,188.16],"iscrowd":0,"attributes":{"occluded":false}},{"id":24,"image_id":10,"category_id":3,"segmentation":[[5.57,418.73,57.04,427.0,61.31,427.0,148.88,388.51,185.93,324.17,192.75,261.77,173.25,208.15,207.37,234.48,231.75,234.48,201.52,198.4,209.32,189.63,175.2,123.34,173.25,113.59,201.52,72.64,185.93,33.65,155.7,10.25,119.63,18.05,70.89,11.23,0.0,10.35,0.0,251.96]],"area":73612.0,"bbox":[0.0,10.25,231.75,416.75],"iscrowd":0,"attributes":{"occluded":false}},{"id":25,"image_id":10,"category_id":1,"segmentation":[[528.11,410.93,487.17,408.98,505.69,340.74,461.82,314.42,483.27,380.71,434.52,382.66,385.78,374.86,428.67,348.54,428.67,334.89,370.18,361.21,341.91,363.16,317.54,344.64,331.18,334.89,293.16,314.42,331.18,290.04,380.9,261.77,383.83,199.38,413.07,182.81,362.38,140.89,351.66,104.82,380.9,57.05,424.77,55.1,465.72,101.89,479.37,119.44,540.78,148.69,574.91,185.73,606.1,251.05,611.95,302.72,610.0,352.44,555.41,367.06,541.76,376.81]],"area":62118.0,"bbox":[293.16,55.1,318.79,355.83],"iscrowd":0,"attributes":{"occluded":false}},{"id":26,"image_id":11,"category_id":1,"segmentation":[[67.48,290.73,74.53,275.74,58.66,231.68,500.0,274.0,353.9,143.5,226.1,133.0,171.48,177.03,138.87,180.56,150.33,145.3,119.48,100.35,120.4,69.5,89.5,62.5,78.05,89.78,61.31,91.54,44.56,117.98,42.8,131.2,66.6,156.76,58.66,229.03,500.0,275.6,500.0,294.66,338.1,292.5]],"area":59197.0,"bbox":[42.8,62.5,457.2,232.16],"iscrowd":0,"attributes":{"occluded":false}},{"id":27,"image_id":12,"category_id":5,"segmentation":[[380.7,68.0,428.1,120.1,439.1,101.9,409.3,56.0,336.7,46.2,322.77,61.4]],"area":2617.0,"bbox":[322.77,46.2,116.33,73.9],"iscrowd":0,"attributes":{"occluded":false}},{"id":28,"image_id":12,"category_id":1,"segmentation":[[436.04,341.96,415.92,321.84,379.44,325.61,378.18,306.74,409.63,313.03,370.64,308.0,410.89,290.39,380.7,280.33,403.34,267.75,395.79,245.11,408.37,237.57,392.02,257.69,227.25,240.08,252.41,262.72,249.89,291.65,219.71,289.14,203.36,236.31,219.71,232.54,257.44,232.54,307.75,191.03,319.07,121.86,331.65,116.82,322.84,74.06,341.71,45.13,378.18,32.56,433.53,48.91,441.07,86.64,438.56,102.99,503.96,124.37,539.18,144.5,534.14,191.03,546.72,275.3,564.33,346.99,535.4,368.37,425.98,365.86]],"area":59277.0,"bbox":[203.36,32.56,360.97,335.81],"iscrowd":0,"attributes":{"occluded":false}},{"id":29,"image_id":12,"category_id":5,"segmentation":[[239.48,253.18,251.53,268.52,251.53,288.25,244.96,297.01,255.92,335.37,426.88,366.05,420.3,323.31,379.75,328.79,377.56,310.16,417.01,312.36,372.08,304.68,372.08,292.63,412.63,292.63,379.75,281.67,409.34,268.52,400.58,259.75,223.04,237.84]],"area":14986.0,"bbox":[223.04,237.84,203.84,128.21],"iscrowd":0,"attributes":{"occluded":false}},{"id":30,"image_id":13,"category_id":1,"segmentation":[[189.06,320.61,184.57,347.53,158.78,340.8,183.45,252.2,194.67,215.19,174.48,159.12,178.97,81.73,217.1,43.6,221.58,9.96,255.23,24.54,241.77,67.15,257.47,122.11,274.29,182.67,273.17,207.34,251.86,218.56,270.93,261.17,252.99,319.49,242.89,359.86,214.85,339.68,178.97,348.65]],"area":24626.0,"bbox":[158.78,9.96,115.51,349.9],"iscrowd":0,"attributes":{"occluded":false}},{"id":31,"image_id":13,"category_id":4,"segmentation":[[1.77,344.16,69.06,337.43,118.41,350.89,215.98,341.92,273.17,335.19,371.86,298.18,430.18,292.57,484.01,347.53,504.2,412.57,501.31,428.0,0.0,428.0,0.0,377.38]],"area":48682.0,"bbox":[0.0,292.57,504.2,135.43],"iscrowd":0,"attributes":{"occluded":false}},{"id":32,"image_id":14,"category_id":2,"segmentation":[],"area":221245.5792,"bbox":[1.05,4.4,561.48,394.04],"iscrowd":0,"attributes":{"occluded":false,"rotation":0.0}},{"id":33,"image_id":15,"category_id":2,"segmentation":[],"area":213874.2362,"bbox":[34.82,157.41,443.18,482.59],"iscrowd":0,"attributes":{"occluded":false,"rotation":0.0}},{"id":34,"image_id":16,"category_id":2,"segmentation":[],"area":210688.225,"bbox":[7.1,16.21,602.5,349.69],"iscrowd":0,"attributes":{"occluded":false,"rotation":0.0}},{"id":35,"image_id":17,"category_id":3,"segmentation":[],"area":156083.67250000002,"bbox":[45.39,127.22,503.09,310.25],"iscrowd":0,"attributes":{"occluded":false,"rotation":0.0}},{"id":36,"image_id":18,"category_id":3,"segmentation":[],"area":81823.34100000003,"bbox":[180.4,187.25,435.3,187.97],"iscrowd":0,"attributes":{"occluded":false,"rotation":0.0}},{"id":37,"image_id":19,"category_id":5,"segmentation":[],"area":46755.33699999999,"bbox":[33.85,216.34,259.55,180.14],"iscrowd":0,"attributes":{"occluded":false,"rotation":0.0}},{"id":38,"image_id":19,"category_id":1,"segmentation":[],"area":75030.6304,"bbox":[346.02,100.0,248.38,302.08],"iscrowd":0,"attributes":{"occluded":false,"rotation":0.0}},{"id":39,"image_id":20,"category_id":5,"segmentation":[],"area":167846.278,"bbox":[76.07,13.19,291.8,575.21],"iscrowd":0,"attributes":{"occluded":false,"rotation":0.0}},{"id":40,"image_id":21,"category_id":3,"segmentation":[[141.56,232.11,210.61,235.02,238.82,200.01,240.76,169.86,229.09,142.63,201.86,131.93,94.87,176.67]],"area":10096.0,"bbox":[94.87,131.93,145.89,103.09],"iscrowd":0,"attributes":{"occluded":false}},{"id":41,"image_id":21,"category_id":3,"segmentation":[[450.84,219.85,451.82,251.95,468.35,239.3,472.24,209.15,457.65,175.11,464.46,155.66,445.01,154.69,415.83,116.75,391.51,111.89,369.15,94.38,289.39,96.33,268.97,141.07,254.38,151.77,256.32,161.49,254.38,185.81,260.21,199.43,267.99,230.55,279.67,251.95,289.39,214.01,277.72,198.45,307.87,109.95,336.08,110.92,349.69,134.26,359.42,126.48,379.84,138.15,383.73,168.3,400.27,184.84,423.61,189.7,450.84,218.88]],"area":11545.0,"bbox":[254.38,94.38,217.86,157.57],"iscrowd":0,"attributes":{"occluded":false}},{"id":42,"image_id":21,"category_id":3,"segmentation":[[433.3,425.7,436.3,375.1,446.95,283.65,447.0,284.6,487.8,203.9,536.43,134.85,457.65,113.45,445.01,81.35,466.41,53.15,491.69,44.39,553.94,47.31,565.61,61.9,603.54,5.49,640.0,6.42,640.0,425.63]],"area":68478.0,"bbox":[433.3,5.49,206.7,420.21],"iscrowd":0,"attributes":{"occluded":false}},{"id":43,"image_id":21,"category_id":3,"segmentation":[[154.2,425.7,158.09,298.24,157.12,256.42,94.87,175.69,194.1,143.6,188.24,94.97,157.12,74.54,85.15,76.49,61.8,126.1,1.5,35.64,0.53,424.68]],"area":52622.0,"bbox":[0.53,35.64,193.57,390.06],"iscrowd":0,"attributes":{"occluded":false}},{"id":44,"image_id":21,"category_id":1,"segmentation":[[345.63,222.35,297.44,222.35,279.51,197.69,303.04,150.62,312.01,112.51,337.79,115.87,351.24,145.01,363.57,125.96,381.5,139.41,381.5,168.55,399.43,186.48,430.81,193.21,439.78,199.93,350.12,220.11]],"area":9385.0,"bbox":[279.51,112.51,160.27,109.84],"iscrowd":0,"attributes":{"occluded":false}},{"id":45,"image_id":22,"category_id":5,"segmentation":[],"area":197814.3006,"bbox":[1.62,145.73,591.78,334.27],"iscrowd":0,"attributes":{"occluded":false,"rotation":0.0}},{"id":46,"image_id":23,"category_id":4,"segmentation":[],"area":242749.2674,"bbox":[0.95,1.93,594.26,408.49],"iscrowd":0,"attributes":{"occluded":false,"rotation":0.0}},{"id":47,"image_id":24,"category_id":1,"segmentation":[[148.7,470.46,158.85,389.3,250.16,296.54]],"area":3244.0,"bbox":[148.7,296.54,101.46,173.92],"iscrowd":0,"attributes":{"occluded":false}},{"id":48,"image_id":24,"category_id":4,"segmentation":[[36.65,477.42,72.16,447.82,104.71,308.74,143.18,222.93,156.5,156.35,104.71,137.12,131.35,83.85,187.57,76.45,240.83,29.11,300.02,24.67,373.99,36.51,403.58,72.01,433.18,126.76,445.01,178.54,431.7,202.22,446.49,219.97,490.88,239.21,495.32,255.48,456.85,282.11,452.41,299.87,344.4,317.62,294.1,313.18,258.59,302.83,214.2,327.98,194.97,376.8,162.42,427.11,165.38,481.85,151.41,490.0,131.04,490.0]],"area":100456.0,"bbox":[36.65,24.67,458.67,465.33],"iscrowd":0,"attributes":{"occluded":false}},{"id":49,"image_id":25,"category_id":2,"segmentation":[[326.97,374.8,340.02,337.12,353.06,295.09,355.96,282.04,390.75,279.14,441.47,369.01]],"area":6786.0,"bbox":[326.97,279.14,114.5,95.66],"iscrowd":0,"attributes":{"occluded":false}},{"id":50,"image_id":25,"category_id":1,"segmentation":[[145.8,470.46,145.8,415.38,186.38,347.26,255.95,292.19,287.84,270.45,261.75,219.72,267.55,186.38,267.55,142.9,266.1,108.12,316.83,79.13,400.89,102.32,435.68,134.21,450.17,203.78,484.95,197.98,528.44,116.82,560.32,83.48,621.19,86.38,640.0,125.44,640.0,128.5,635.7,480.0,606.41,480.0]],"area":149837.0,"bbox":[145.8,79.13,494.2,400.87],"iscrowd":0,"attributes":{"occluded":false}},{"id":51,"image_id":26,"category_id":1,"segmentation":[[102.37,492.15,110.1,449.64,100.44,414.85,112.81,370.99,101.4,355.91,116.48,310.11,115.51,279.77,109.91,251.17,127.11,213.1,158.41,168.46,185.08,142.76,209.82,153.19,234.55,184.69,238.22,246.53,226.82,276.87,211.56,291.17,206.92,372.92,207.88,441.33,192.62,471.86,205.95,513.6,196.48,521.33,177.35,504.13,170.78,469.93,165.95,452.73,157.45,424.32,143.15,440.56,137.54,468.0,127.11,494.67,114.74,502.2]],"area":32630.0,"bbox":[100.44,142.76,137.78,378.57],"iscrowd":0,"attributes":{"occluded":false}},{"id":52,"image_id":27,"category_id":1,"segmentation":[[74.52,360.02,89.16,335.62,44.26,347.33,20.83,307.31,21.81,263.39,14.98,250.7,102.82,202.87,147.72,200.92,219.95,157.0,272.66,160.9,363.44,98.43,403.46,72.08,440.55,63.29,482.52,31.08,522.54,29.13,532.3,22.3,591.84,21.32,594.77,52.56,583.05,69.15,596.72,75.01,618.19,104.29,639.67,148.21,590.86,137.47,559.63,129.67,506.92,160.9,398.58,218.49,332.2,235.08,270.71,278.03,210.19,306.34,166.27,331.71,137.96,347.33,99.9,366.85]],"area":75954.0,"bbox":[14.98,21.32,624.69,345.53],"iscrowd":0,"attributes":{"occluded":false}},{"id":53,"image_id":28,"category_id":1,"segmentation":[[545.71,325.79,535.57,321.29,534.11,311.72,545.93,301.47,553.25,275.01,562.15,246.29,573.86,217.58,576.79,197.76,563.61,199.22,556.18,177.15,562.82,159.48,570.93,160.15,569.47,175.69,569.47,185.94,589.4,174.11,601.9,174.11,606.29,168.26,598.18,163.87,606.29,156.55,623.18,157.22,628.36,165.33,622.5,178.62,633.54,201.36,613.61,260.26,604.83,262.51,592.33,262.51,575.32,294.83,556.97,327.26]],"area":7475.0,"bbox":[534.11,156.55,99.43,170.71],"iscrowd":0,"attributes":{"occluded":false}},{"id":54,"image_id":28,"category_id":1,"segmentation":[[25.4,277.2,48.0,228.95,66.2,183.1,72.77,136.62,93.04,111.84,69.39,100.58,48.0,123.1,31.11,152.38,8.59,204.18,0.0,228.98,0.0,259.57]],"area":6745.0,"bbox":[0.0,100.58,93.04,176.62],"iscrowd":0,"attributes":{"occluded":false}},{"id":55,"image_id":28,"category_id":1,"segmentation":[[305.86,314.53,301.1,295.9,321.63,276.25,337.39,251.47,337.39,228.95,345.27,203.05,334.01,179.41,350.9,161.39,380.18,154.63,397.07,141.12,407.2,154.63,395.94,172.65,409.46,189.54,408.33,207.56,394.82,213.19,391.44,206.43,374.55,233.46,331.76,301.02,312.62,312.28]],"area":6682.0,"bbox":[301.1,141.12,108.36,173.41],"iscrowd":0,"attributes":{"occluded":false}},{"id":56,"image_id":29,"category_id":4,"segmentation":[[7.36,295.75,59.99,301.94,159.06,314.33,281.35,308.13,347.92,212.16,335.53,178.1,358.75,122.37,346.37,60.45,361.85,23.3,385.07,29.49,425.32,91.41,491.88,91.41,536.77,38.78,558.44,40.33,561.54,97.61,550.7,139.4,566.18,190.49,536.77,264.79,518.2,311.23,532.13,385.53,524.39,427.33,552.25,475.32,516.65,583.68,323.14,586.0,1.25,586.0]],"area":199126.0,"bbox":[1.25,23.3,564.93,562.7],"iscrowd":0,"attributes":{"occluded":false}},{"id":57,"image_id":30,"category_id":5,"segmentation":[[591.43,402.0,233.86,405.8,244.01,336.06,567.34,325.92,581.29,353.82]],"area":25066.0,"bbox":[233.86,325.92,357.57,79.88],"iscrowd":0,"attributes":{"occluded":false}},{"id":58,"image_id":30,"category_id":5,"segmentation":[[407.58,204.19,327.7,209.27,332.77,252.38,383.49,287.88,361.93,311.97,271.9,317.04,233.86,306.9,241.47,285.34,287.12,258.72,287.12,216.87,208.51,211.8,207.24,31.75,407.58,34.28,411.38,204.19]],"area":44344.0,"bbox":[207.24,31.75,204.14,285.29],"iscrowd":0,"attributes":{"occluded":false}},{"id":59,"image_id":30,"category_id":5,"segmentation":[[15.77,400.73,140.03,351.28,160.32,379.18,55.08,434.97]],"area":5138.0,"bbox":[15.77,351.28,144.55,83.69],"iscrowd":0,"attributes":{"occluded":false}},{"id":60,"image_id":30,"category_id":5,"segmentation":[[391.09,232.09,431.67,194.05,439.28,65.98,612.99,53.3,614.26,192.78,616.79,254.91]],"area":34237.0,"bbox":[391.09,53.3,225.7,201.61],"iscrowd":0,"attributes":{"occluded":false}},{"id":61,"image_id":31,"category_id":2,"segmentation":[[613.75,338.71,571.13,385.93,528.52,364.05,423.71,399.75,317.75,415.87,322.35,326.04,257.85,385.93,153.05,332.95,206.03,283.42,276.28,245.42,314.29,262.69,313.14,217.77,303.92,192.44,333.87,167.1,393.76,164.79,417.95,180.92,499.72,186.68,525.06,206.26,520.45,228.14,553.85,229.29,601.08,238.51,626.41,273.06,634.48,312.22]],"area":71904.0,"bbox":[153.05,164.79,481.43,251.08],"iscrowd":0,"attributes":{"occluded":false}},{"id":62,"image_id":32,"category_id":1,"segmentation":[],"area":144541.84709999998,"bbox":[81.98,129.13,463.29,311.99],"iscrowd":0,"attributes":{"occluded":false,"rotation":0.0}},{"id":63,"image_id":33,"category_id":2,"segmentation":[[331.29,25.29,338.23,50.06,367.95,51.05,378.84,22.32,368.94,1.52]],"area":1542.0,"bbox":[331.29,1.52,47.55,49.53],"iscrowd":0,"attributes":{"occluded":false}},{"id":64,"image_id":33,"category_id":2,"segmentation":[[428.37,35.2,416.49,102.56,466.02,94.64,468.0,22.32]],"area":3042.0,"bbox":[416.49,22.32,51.51,80.24],"iscrowd":0,"attributes":{"occluded":false}},{"id":65,"image_id":33,"category_id":4,"segmentation":[[208.46,233.32,224.31,228.37,246.1,247.19,264.92,253.13,271.86,227.38,301.58,235.3,319.41,208.56,315.44,187.75,261.95,182.8,246.1,207.57,197.56,192.71,178.74,199.64,184.68,227.38,204.5,237.28]],"area":5647.0,"bbox":[178.74,182.8,140.67,70.33],"iscrowd":0,"attributes":{"occluded":false}},{"id":66,"image_id":33,"category_id":1,"segmentation":[[32.13,329.41,60.86,305.64,81.66,287.81,54.91,221.44,86.61,149.12,104.44,152.09,148.03,199.64,170.82,265.02,186.66,298.7,214.4,243.23,183.69,226.39,179.73,197.66,198.55,192.71,244.12,207.57,259.97,179.83,214.4,172.9,203.51,145.16,225.3,111.48,250.06,114.45,269.88,92.66,297.61,88.69,288.7,32.23,245.11,11.43,206.48,23.31,144.07,9.44,96.52,13.41,38.07,50.06,26.19,83.74,3.4,197.66]],"area":48166.0,"bbox":[3.4,9.44,294.21,319.97],"iscrowd":0,"attributes":{"occluded":false}},{"id":67,"image_id":33,"category_id":5,"segmentation":[[202.51,269.97,214.4,242.24,209.45,235.3,235.2,237.28,265.91,257.1,273.84,229.36,299.59,237.28,325.35,204.59,337.24,178.84,350.12,130.3,349.12,95.63,460.07,198.65,410.54,354.18,240.34,375.0,223.91,375.0]],"area":39156.0,"bbox":[202.51,95.63,257.56,279.37],"iscrowd":0,"attributes":{"occluded":false}},{"id":68,"image_id":34,"category_id":4,"segmentation":[],"area":207865.11479999998,"bbox":[34.7,68.32,583.17,356.44],"iscrowd":0,"attributes":{"occluded":false,"rotation":0.0}},{"id":69,"image_id":35,"category_id":5,"segmentation":[],"area":69866.07979999999,"bbox":[107.07,43.16,284.02,245.99],"iscrowd":0,"attributes":{"occluded":false,"rotation":0.0}},{"id":70,"image_id":35,"category_id":5,"segmentation":[],"area":45492.837400000004,"bbox":[233.87,320.85,332.21,136.94],"iscrowd":0,"attributes":{"occluded":false,"rotation":0.0}},{"id":71,"image_id":36,"category_id":3,"segmentation":[[351.79,204.19,308.68,177.57,304.87,152.21,271.9,144.6,266.83,117.97,233.86,147.14,203.43,112.9,109.6,299.29,80.44,362.69,3.09,391.85,5.51,480.0,14.99,480.0,363.2,315.78,364.47,325.92]],"area":60305.0,"bbox":[3.09,112.9,361.38,367.1],"iscrowd":0,"attributes":{"occluded":false}},{"id":72,"image_id":36,"category_id":3,"segmentation":[[365.73,114.17,327.7,133.19,335.3,142.06,347.98,148.4]],"area":515.0,"bbox":[327.7,114.17,38.03,34.23],"iscrowd":0,"attributes":{"occluded":false}},{"id":73,"image_id":36,"category_id":3,"segmentation":[[522.96,126.85,555.93,156.01,568.61,177.57,604.11,161.08,640.0,158.77,640.0,129.12,637.08,104.02,553.4,72.32,521.7,76.13]],"area":8568.0,"bbox":[521.7,72.32,118.3,105.25],"iscrowd":0,"attributes":{"occluded":false}},{"id":74,"image_id":36,"category_id":1,"segmentation":[[426.6,450.18,431.67,417.21,439.28,380.44,441.81,324.65,465.9,299.29,434.21,276.47,388.56,291.68,363.2,313.24,358.13,282.81,353.05,234.63,360.66,167.42,346.71,159.81,368.27,116.7,383.49,101.49,373.34,57.11,406.31,30.48,439.28,48.23,445.62,86.27,476.05,60.91,514.09,69.79,528.04,98.95,521.7,133.19,549.59,152.21,569.88,208.0,568.61,233.36,568.61,271.4,563.54,299.29,519.16,342.4,482.39,355.08,476.05,405.8,463.37,438.77]],"area":52816.0,"bbox":[346.71,30.48,223.17,419.7],"iscrowd":0,"attributes":{"occluded":false}},{"id":75,"image_id":36,"category_id":3,"segmentation":[[569.88,279.0,604.11,311.97,554.66,360.16,557.2,405.8,469.71,441.31,482.39,379.18,486.19,360.16,526.77,337.33,555.93,309.44]],"area":8295.0,"bbox":[469.71,279.0,134.4,162.31],"iscrowd":0,"attributes":{"occluded":false}},{"id":76,"image_id":36,"category_id":3,"segmentation":[[364.47,319.58,438.01,342.4,424.06,456.52,302.34,474.27,184.41,474.27,19.58,476.81]],"area":34835.0,"bbox":[19.58,319.58,418.43,157.23],"iscrowd":0,"attributes":{"occluded":false}},{"id":77,"image_id":37,"category_id":4,"segmentation":[[311.05,108.15,325.68,69.89,376.32,56.39,430.34,71.02,470.85,91.27,448.34,118.28,396.58,117.16,367.32,134.04,329.06,128.41]],"area":8049.0,"bbox":[311.05,56.39,159.8,77.65],"iscrowd":0,"attributes":{"occluded":false}},{"id":78,"image_id":37,"category_id":4,"segmentation":[[186.1,217.3,126.5,207.2,71.35,146.41,82.61,119.41,95.0,63.1,144.5,54.1,200.77,103.65,227.78,144.16]],"area":16619.0,"bbox":[71.35,54.1,156.43,163.2],"iscrowd":0,"attributes":{"occluded":false}},{"id":79,"image_id":37,"category_id":4,"segmentation":[[496.73,414.24,384.2,404.12,300.9,341.1,190.6,247.7,198.52,164.42,259.29,146.41,298.67,163.29,359.44,165.55,383.07,195.93,326.81,198.18,371.82,230.81,429.21,227.44,500.11,228.56,528.24,230.81,475.35,279.2,422.46,287.08,443.84,328.72,483.23,366.98,509.11,390.61]],"area":47134.0,"bbox":[190.6,146.41,337.64,267.83],"iscrowd":0,"attributes":{"occluded":false}},{"id":80,"image_id":38,"category_id":4,"segmentation":[[278.2,125.6,254.15,178.83,235.1,257.4,198.4,280.3,246.54,290.42,238.94,336.06,261.76,336.06,274.44,309.44,307.4,301.8,312.48,332.26,340.38,333.53,331.5,314.5,345.45,279.0,328.96,234.63,327.7,178.83,365.73,167.42,347.98,147.14,340.38,120.51,298.5,116.7]],"area":18514.0,"bbox":[198.4,116.7,167.33,219.36],"iscrowd":0,"attributes":{"occluded":false}},{"id":81,"image_id":38,"category_id":3,"segmentation":[],"area":208008.76799999998,"bbox":[0.0,152.2,634.56,327.8],"iscrowd":0,"attributes":{"occluded":false,"rotation":0.0}},{"id":82,"image_id":39,"category_id":2,"segmentation":[[204.46,536.17,68.07,393.05,19.24,271.81,153.95,251.61,271.81,273.5,318.96,286.97,329.06,329.06,275.18,446.93,271.81,494.08,201.09,537.85]],"area":54227.0,"bbox":[19.24,251.61,309.82,286.24],"iscrowd":0,"attributes":{"occluded":false}},{"id":83,"image_id":39,"category_id":5,"segmentation":[],"area":17421.020500000002,"bbox":[89.96,73.12,161.65,107.77],"iscrowd":0,"attributes":{"occluded":false,"rotation":0.0}},{"id":84,"image_id":40,"category_id":1,"segmentation":[[229.38,153.95,246.22,125.32,330.41,157.31,357.35,209.51]],"area":4067.0,"bbox":[229.38,125.32,127.97,84.19],"iscrowd":0,"attributes":{"occluded":false}},{"id":85,"image_id":40,"category_id":1,"segmentation":[[135.09,211.2,5.44,224.67,20.59,150.58,66.05,153.95,77.84,111.85,151.93,115.22,178.87,127.01,182.23,116.9]],"area":12574.0,"bbox":[5.44,111.85,176.79,112.82],"iscrowd":0,"attributes":{"occluded":false}},{"id":86,"image_id":40,"category_id":1,"segmentation":[[281.58,315.59,276.53,238.14,306.84,224.67,290.0,160.68,202.44,152.26,178.87,118.59,158.66,160.68,138.46,207.83,145.19,243.19,197.39,253.29,215.91,278.55,249.59,295.39,286.63,317.28]],"area":17768.0,"bbox":[138.46,118.59,168.38,198.69],"iscrowd":0,"attributes":{"occluded":false}},{"id":87,"image_id":40,"category_id":1,"segmentation":[[465.11,318.96,441.54,249.92,402.81,312.22,385.97,381.26,382.61,266.76,348.93,207.83,362.4,143.84,411.23,103.43,424.7,79.86,453.33,93.33,480.0,113.33,480.0,311.52]],"area":22323.0,"bbox":[348.93,79.86,131.07,301.4],"iscrowd":0,"attributes":{"occluded":false}},{"id":88,"image_id":40,"category_id":4,"segmentation":[],"area":73619.59730000001,"bbox":[0.0,285.28,251.27,292.99],"iscrowd":0,"attributes":{"occluded":false,"rotation":0.0}},{"id":89,"image_id":41,"category_id":3,"segmentation":[[376.25,200.44,319.66,216.79,271.88,221.82,226.6,215.54,168.75,213.02,128.51,213.02,100.84,190.38,168.75,187.87,207.74,170.26,280.68,156.43,317.15,163.97,274.39,184.1,339.79,176.55,373.74,135.05,391.35,146.37,378.77,200.44]],"area":11724.0,"bbox":[100.84,135.05,290.51,86.77],"iscrowd":0,"attributes":{"occluded":false}},{"id":90,"image_id":41,"category_id":1,"segmentation":[],"area":58972.172999999995,"bbox":[20.36,172.78,296.79,198.7],"iscrowd":0,"attributes":{"occluded":false,"rotation":0.0}},{"id":91,"image_id":41,"category_id":3,"segmentation":[],"area":30167.607600000003,"bbox":[378.77,169.0,235.17,128.28],"iscrowd":0,"attributes":{"occluded":false,"rotation":0.0}},{"id":92,"image_id":42,"category_id":2,"segmentation":[],"area":23520.879899999996,"bbox":[453.43,0.0,186.57,126.07],"iscrowd":0,"attributes":{"occluded":false,"rotation":0.0}},{"id":93,"image_id":42,"category_id":2,"segmentation":[],"area":114887.26199999999,"bbox":[71.16,120.55,417.62,275.1],"iscrowd":0,"attributes":{"occluded":false,"rotation":0.0}},{"id":94,"image_id":43,"category_id":1,"segmentation":[[3.92,203.37,93.78,194.53,155.65,296.18,123.24,365.41,155.65,397.82,198.36,365.41,216.04,383.09,201.31,442.01,227.83,509.77,239.61,604.05,6.86,605.52]],"area":71214.0,"bbox":[3.92,194.53,235.69,410.99],"iscrowd":0,"attributes":{"occluded":false}},{"id":95,"image_id":43,"category_id":5,"segmentation":[[199.84,447.9,279.38,487.68,357.46,388.98,379.55,310.91,419.33,200.43,208.68,138.56,176.27,285.87,143.86,316.8,127.66,352.15,152.7,381.61,161.54,402.24,201.31,365.41,226.35,386.03,210.15,412.55]],"area":57995.0,"bbox":[127.66,138.56,291.67,349.12],"iscrowd":0,"attributes":{"occluded":false}},{"id":96,"image_id":44,"category_id":1,"segmentation":[],"area":52930.681199999985,"bbox":[500.42,35.31,135.48,390.69],"iscrowd":0,"attributes":{"occluded":false,"rotation":0.0}},{"id":97,"image_id":44,"category_id":1,"segmentation":[],"area":66687.152,"bbox":[4.4,5.52,635.6,104.92],"iscrowd":0,"attributes":{"occluded":false,"rotation":0.0}},{"id":98,"image_id":44,"category_id":1,"segmentation":[],"area":77190.66580000002,"bbox":[168.14,74.27,219.46,351.73],"iscrowd":0,"attributes":{"occluded":false,"rotation":0.0}},{"id":99,"image_id":49,"category_id":1,"segmentation":[[288.98,441.37,294.92,466.86,277.93,473.65,261.79,446.47,263.49,373.41,288.98,314.8,261.79,310.55,246.5,295.26,260.09,271.48,296.62,290.16,261.79,268.08,281.33,238.35,318.71,227.3,311.91,201.82,328.05,179.73,356.08,183.13,367.13,203.52,357.78,231.55,385.82,245.99,407.9,288.47,423.19,303.76,424.89,315.65,380.72,315.65,370.53,319.05,396.01,342.83,408.75,385.31,399.41,446.47,396.01,460.06,373.92,462.61,373.07,389.55,374.77,371.71,373.92,333.49,359.48,302.91,328.05,308.85,314.46,341.13,293.22,356.42,285.58,437.12,292.37,456.66]],"area":21195.0,"bbox":[246.5,179.73,178.39,293.92],"iscrowd":0,"attributes":{"occluded":false}},{"id":100,"image_id":49,"category_id":3,"segmentation":[[291.52,477.05,300.02,497.44,327.2,471.1,334.0,505.93,355.23,507.63,372.2,448.2,370.53,333.49,356.1,304.7,330.6,312.3,294.92,365.77,288.13,437.97,291.52,476.2]],"area":13098.0,"bbox":[288.13,304.7,84.07,202.93],"iscrowd":0,"attributes":{"occluded":false}},{"id":101,"image_id":50,"category_id":4,"segmentation":[[334.7,85.0,326.4,112.1,273.94,257.84,283.68,275.54,309.7,284.9,320.83,299.42,320.83,332.16,377.46,361.36,409.31,413.55,408.42,439.21,442.6,479.0,633.4,480.0,640.0,466.93,640.0,463.14,608.73,448.5,579.35,381.53,485.31,289.87,470.09,244.04,438.33,173.61,356.1,84.3]],"area":63414.0,"bbox":[273.94,84.3,366.06,395.7],"iscrowd":0,"attributes":{"occluded":false}}]}